score	FN	FP	Error_P
1	0.432525951557	0.280276816609	5.16350609756
